Question,Answer
1. What is the purpose of correlation in statistics?,"The purpose of correlation in statistics is to express the extent to which two variables are linearly related. It is a common tool for describing simple relationships without making a statement about cause and effect. Correlation coefficients range from -1 to 1, with a value of 0 indicating no linear relationship between the two variables, a value of 1 indicating a perfect positive linear relationship, and a value of -1 indicating a perfect negative linear relationship."
2. What is the range of values for correlation coefficients?,-1 to 1
3. Explain the difference between a positive and negative linear relationship.,"I'm sorry, but the provided context does not contain the answer to your question."
4. List three ways correlation is important in statistics.,"1. Identify relationships between variables
2. Make predictions
3. Develop causal models"
5. Describe how correlation can be used to identify relationships between variables.,"Correlation can be used to identify whether there is a relationship between two variables, and if so, whether the relationship is positive or negative. This information can be useful for understanding the relationships between different factors in a complex system."
6. Explain how correlation can be used to make predictions.,"If there is a strong correlation between two variables, it is possible to use the value of one variable to predict the value of the other variable. This can be useful for making predictions in a variety of fields, such as business, finance, and medicine."
7. How can correlation be used as a starting point for developing causal models?,"Correlation can be used as a starting point for developing causal models by identifying relationships between variables. Once a relationship has been identified, it can be used to create a causal model that describes how changes in one variable cause changes in other variables. Causal models can be used to make more accurate predictions and to develop interventions to change the values of specific variables."
"8. Provide examples of how correlation is used in the fields of business, finance, medicine, and psychology.","1. Business: A marketing manager might use correlation to identify the relationship between advertising spending and sales. This information could be used to decide how much money to allocate to advertising.
2. Finance: A financial analyst might use correlation to identify the relationship between the returns of different stocks. This information could be used to build a portfolio of stocks that is diversified and has a lower overall risk.
3. Medicine: A medical researcher might use correlation to identify the relationship between smoking and lung cancer. This information could be used to develop public health campaigns to discourage smoking.
4. Psychology: A psychologist might use correlation to identify the relationship between anxiety and depression. This information could be used to develop more effective treatments for anxiety and depression."
"9. Explain the real-world applications of correlation, citing examples.","Correlation is used in a wide variety of real-world applications, including:

1. Marketing: Correlation can be used to identify relationships between different business variables, such as sales, advertising spending, and customer satisfaction. This information can be used to make better business decisions, such as how to allocate marketing resources.
2. Finance: Correlation can be used to identify relationships between different financial assets, such as stocks, bonds, and commodities. This information can be used to build diversified portfolios that reduce risk.
3. Medicine: Correlation can be used to identify relationships between different medical variables, such as risk factors for diseases and the effectiveness of treatments. This information can be used to improve the prevention, diagnosis, and treatment of diseases.
4. Psychology: Correlation can be used to identify relationships between different psychological variables, such as personality traits, cognitive abilities, and mental disorders. This information can be used to develop better psychological assessments and treatments."
10. What is the important distinction between correlation and causation?,Correlation does not equal causation. Just because two variables are correlated does not mean that one variable causes the other.
11. How can correlation be used to identify potential confounding variables?,The provided text does not contain the answer to this question.
12. Describe the limitations of using correlation to establish causality.,I cannot find the answer to your question in the provided text.
13. How can correlation be used to improve decision-making and outcomes in various fields?,"Correlation can be used to improve decision-making and outcomes in various fields by identifying relationships between variables, making predictions, and developing causal models. For example, in business, correlation can be used to identify relationships between different business variables, such as sales, advertising spending, and customer satisfaction. This information can be used to make better business decisions, such as how to allocate marketing resources. In finance, correlation can be used to identify relationships between different financial assets, such as stocks, bonds, and commodities. This information can be used to build diversified portfolios that reduce risk. In medicine, correlation can be used to identify relationships between different medical variables, such as risk factors for diseases and the effectiveness of treatments. This information can be used to improve the prevention, diagnosis, and treatment of diseases. In psychology, correlation can be used to identify relationships between different psychological variables, such as personality traits, cognitive abilities, and mental disorders. This information can be used to develop better psychological assessments and treatments."
14. Discuss the ethical considerations when using correlation in research and decision-making.,"I'm sorry, but the provided text does not contain any information on the ethical considerations when using correlation in research and decision-making, so I cannot answer this question."
15. What are some common pitfalls to avoid when interpreting correlation results?,"The provided context does not contain information about the common pitfalls to avoid when interpreting correlation results, so I cannot answer this question from the provided context."
